email_provider,
hotmail.com,
gmail.com,
gmail.com,
gmail.com,
gmail.com,
hotmail.com,
hotmail.com,
hotmail.com,
hotmail.com,
gmail.com,
hotmail.com,
gmail.com,
hotmail.com,
gmail.com,
gmail.com,
hotmail.com,
hotmail.com,
gmail.com,
hotmail.com,
hotmail.com,
hotmail.com,
gmail.com,
gmail.com,
hotmail.com,
outlook.com,
hotmail.com,
hotmail.co.th,
hotmail.com,
hotmail.com,
gmail.com,
hotmail.com,
hotmail.com,
yahoo.co.th,
hotmail.com,
hotmail.com,
gmail.com,
hotmail.com,
hotmail.com,
gmail.com,
hotmail.com,
gmail.com,
hotmail.com,
hotmail.com,
hotmail.co.th,
me.com,
hotmail.com,
hotmail.com,
outlook.com,
hotmail.com,
hotmail.com,
hotmail.co.th,
hotmail.com,
gmail.com,
hotmail.com,
gmail.com,
hotmail.com,
hotmail.com,
hotmail.com,
hotmail.com,
gmail.com,
hotmail.com,
hotmail.com,
hotmail.com,
hotmail.com,
hotmail.com,
hotmail.com,
hotmail.com,
hotmail.com,
gmail.com,
hotmail.com,
gmail.com,
hotmail.com,
hotmail.com,
hotmail.com,
hotmail.com,
pages.plusgoogle.com,
hotmail.com,
hotmail.co.th,
gmail.com,
hotmail.co.th,
hotmail.com,
hotmail.co.th,
gmx.de,
gmail.com,
hotmail.com,
gmail.com,
hotmail.com,
hotmail.com,
hotmail.com,
hotmail.com,
hotmail.com,
msn.com,
hotmail.com,
hotmail.com,
yahoo.com,
hotmail.com,
hotmail.com,
hotmail.com,
gmail.com,
hotmail.com,
hotmail.com,
hotmail.com,
hotmail.com,
hotmail.com,
live.com,
hotmail.com,
gmail.com,
yahoo.co.th,
hotmail.com,
gmail.com,
hotmail.com,
hotmail.com,
gmail.com,
hotmail.com,
hotmail.com,
hotmail.com,
gmail.com,
hotmail.com,
hotmail.com,
live.com,
gmail.com,
hotmail.com,
yahoo.co.uk,
yahoo.com,
gmail.com,
hotmail.com,
gmail.com,
yahoo.com,
hotmail.com,
gmail.com,
hotmail.com,
hotmail.com,
hotmail.com,
gmail.com,
hotmail.com,
hotmail.com,
hotmail.com,
hotmail.com,
gmail.com,
hotmail.com,
windowslive.com,
gmail.com,
hotmail.com,
hotmail.com,
hotmail.com,
hotmail.com,
hotmail.com,
hotmail.com,
gmail.com,
hotmail.com,
hotmail.com,
gmail.com,
hotmail.co.th,
hotmail.co.th,
outlook.com,
hotmail.com,
gmail.com,
hotmail.com,
hotmail.com,
hotmail.com,
gmail.com,
gmail.com,
gmail.com,
hotmail.com,
msn.com,
hotmail.com,
hotmail.com,
gmail.com,
hotmail.com,
gmail.com,
hotmail.co.th,
hotmail.com,
hotmail.com,
hotmail.com,
hotmail.com,
hotmail.com,
hotmail.com,
gmail.com,
hotmail.com,
hotmail.com,
hotmail.com,
hotmail.com,
gmail.com,
gmail.com,
hotmail.com,
me.com,
gmail.com,
gmail.com,
hotmail.com,
hotmail.com,
hotmail.com,
hotmail.com,
hotmail.com,
hotmail.com,
live.com,
hotmail.com,
gmail.com,
gmail.com,
hotmail.com,
hotmail.com,
hotmail.com,
hotmail.com,
gmail.com,
yahoo.com,
hotmail.com,
hotmail.com,
hotmail.co.th,
hotmail.com,
hotmail.com,
outlook.co.th,
gmail.com,
outlook.com,
gmail.com,
hotmail.com,
gmail.com,
hotmail.com,
hotmail.com,
hotmail.com,
hotmail.com,
hotmail.com,
windowslive.com,
gmail.com,
hotmail.com,
hotmail.com,
gmail.com,
hotmail.com,
hotmail.com,
gmail.com,
hotmail.com,
hotmail.com,
hotmail.com,
hotmail.co.th,
outlook.com,
hotmail.com,
hotmail.com,
gmail.com,
hotmail.com,
hotmail.com,
hotmail.com,
hotmail.com,
hotmail.com,
hotmail.com,
gmail.com,
hotmail.com,
hotmail.com,
hotmail.com,
gmail.com,
hotmail.com,
hotmail.com,
hotmail.com,
hotmail.com,
hotmail.com,
hotmail.com,
gmail.com,
hotmail.com,
hotmail.com,
gmail.com,
hotmail.com,
yahoo.com,
hotmail.com,
hotmail.co.th,
gmail.com,
hotmail.com,
windowslive.com,
hotmail.com,
hotmail.com,
hotmail.com,
hotmail.com,
hotmail.co.th,
gmail.com,
hotmail.co.th,
gmail.com,
hotmail.com,
gmail.com,
hotmail.com,
hotmail.com,
hotmail.com,
gmail.com,
hotmail.com,
gmail.com,
hotmail.com,
gmail.com,
hotmail.com,
hotmail.com,
hotmail.co.th,
hotmail.com,
hotmail.com,
hotmail.co.th,
hotmail.com,
hotmail.com,
live.com,
gmail.com,
hotmail.co.th,
gmail.com,
hotmail.com,
hotmail.com,
gmail.com,
hotmail.com,
gmail.com,
gmail.com,
hotmail.com,
hotmail.com,
hotmail.com,
gmail.com,
hotmail.com,
gmail.com,
hotmail.co.th,
yahoo.co.th,
hotmail.com,
hotmail.com,
gmail.com,
hotmail.com,
hotmail.com,
hotmail.com,
hotmail.com,
hotmail.com,
hotmail.com,
hotmail.com,
hotmail.com,
hotmail.com,
hotmail.com,
hotmail.com,
gmail.com,
hotmail.com,
hotmail.com,
hotmail.com,
outlook.jp,
hotmail.com,
gmail.com,
hotmail.co.th,
hotmail.com,
hotmail.com,
hotmail.com,
gmail.com,
gmail.com,
gmail.com,
gmail.com,
hotmail.co.th,
hotmail.com,
outlook.com,
hotmail.com,
hotmail.com,
yahoo.com,
hotmail.com,
hotmail.com,
hotmail.com,
hotmail.com,
gmail.com,
live.com,
hotmail.com,
hotmail.com,
gmail.com,
hotmail.com,
hotmail.com,
nr.ac.th,
gmail.com,
gmail.com,
hotmail.com,
kmitl.ac.th,
hotmail.com,
gmail.com,
hotmail.com,
hotmail.com,
gmail.com,
hotmail.com,
hotmail.com,
hotmail.com,
yahoo.com,
hotmail.com,
gmail.com,
hotmail.com,
gmail.com,
hotmail.com,
yahoo.com,
hotmail.com,
windowslive.com,
hotmail.com,
gmail.com,
hotmail.com,
gmail.com,
windowslive.com,
yahoo.com,
gmail.com,
gmail.com,
windowslive.com,
it.kmitl.ac.th,
hotmail.com,
hotmail.co.th,
gmail.com,
hotmail.com,
gmail.com,
hotmail.com,
hotmail.com,
gmail.com,
hotmail.com,
gmail.com,
hotmail.com,
hotmail.com,
gmail.com,
outlook.com,
gmail.com,
hotmail.com,
hotmail.com,
hotmail.com,
hotmail.com,
hotmail.com,
hotmail.com,
hotmail.com,
gmail.com,
hotmail.com,
gmail.com,
gmail.com,
hotmail.com,
hotmail.com,
hotmail.com,
gmail.com,
hotmail.com,
hotmail.com,
hotmail.com,
gmail.com,
hotmail.com,
gmail.com,
